provincia;segmento_renta;tipo_combustible;n_vehiculos;pct_del_segmento
03;Muy baja;BIOMETANO;1;0,0
03;Muy baja;DESCONOCIDO;9;0,0
03;Muy baja;DIESEL;118507;42,03
03;Muy baja;ELECTRICO;5579;1,98
03;Muy baja;ETANOL;4;0,0
03;Muy baja;GASOLINA;154529;54,8
03;Muy baja;GLP;3230;1,15
03;Muy baja;GNC;116;0,04
03;Muy baja;HIDROGENO;1;0,0
03;Baja;DESCONOCIDO;3;0,0
03;Baja;DIESEL;47015;37,47
03;Baja;ELECTRICO;2604;2,08
03;Baja;ETANOL;2;0,0
03;Baja;GASOLINA;74240;59,17
03;Baja;GLP;1576;1,26
03;Baja;GNC;22;0,02
03;Baja;GNL;1;0,0
03;Baja;HIDROGENO;1;0,0
03;Media;BIODIESEL;1;0,0
03;Media;DESCONOCIDO;2;0,0
03;Media;DIESEL;44861;35,28
03;Media;ELECTRICO;4416;3,47
03;Media;ETANOL;1;0,0
03;Media;GASOLINA;76020;59,78
03;Media;GLP;1811;1,42
03;Media;GNC;49;0,04
03;Media;GNL;2;0,0
03;Media;HIDROGENO;1;0,0
08;Baja;BIODIESEL;1;0,0
08;Baja;DESCONOCIDO;3;0,0
08;Baja;DIESEL;27993;31,83
08;Baja;ELECTRICO;1138;1,29
08;Baja;GASOLINA;57063;64,88
08;Baja;GLP;1498;1,7
08;Baja;GNC;254;0,29
08;Media;BIODIESEL;1;0,0
08;Media;BIOMETANO;1;0,0
08;Media;DESCONOCIDO;11;0,0
08;Media;DIESEL;94114;33,89
08;Media;ELECTRICO;6118;2,2
08;Media;GASOLINA;172364;62,07
08;Media;GLP;4363;1,57
08;Media;GNC;705;0,25
08;Media;HIDROGENO;1;0,0
08;Alta;BIODIESEL;4;0,0
08;Alta;BUTANO;1;0,0
08;Alta;DESCONOCIDO;9;0,0
08;Alta;DIESEL;137693;33,34
08;Alta;ELECTRICO;9377;2,27
08;Alta;ETANOL;1;0,0
08;Alta;GASOLINA;258341;62,55
08;Alta;GLP;6491;1,57
08;Alta;GNC;1073;0,26
08;Alta;GNL;2;0,0
08;Alta;HIDROGENO;3;0,0
08;Muy alta;BIODIESEL;2;0,0
08;Muy alta;BIOMETANO;1;0,0
08;Muy alta;DESCONOCIDO;26;0,01
08;Muy alta;DIESEL;147767;28,66
08;Muy alta;ELECTRICO;17612;3,42
08;Muy alta;ETANOL;3;0,0
08;Muy alta;GASOLINA;340576;66,05
08;Muy alta;GLP;8345;1,62
08;Muy alta;GNC;1260;0,24
08;Muy alta;GNL;2;0,0
08;Muy alta;HIDROGENO;2;0,0
28;Muy baja;BIODIESEL;1;0,0
28;Muy baja;DESCONOCIDO;1;0,0
28;Muy baja;DIESEL;16692;48,71
28;Muy baja;ELECTRICO;711;2,07
28;Muy baja;GASOLINA;15648;45,66
28;Muy baja;GLP;1022;2,98
28;Muy baja;GNC;194;0,57
28;Muy baja;GNL;1;0,0
28;Baja;BIODIESEL;2;0,0
28;Baja;BUTANO;1;0,0
28;Baja;DESCONOCIDO;7;0,01
28;Baja;DIESEL;42091;46,03
28;Baja;ELECTRICO;1823;1,99
28;Baja;GASOLINA;44414;48,58
28;Baja;GLP;2692;2,94
28;Baja;GNC;402;0,44
28;Baja;HIDROGENO;1;0,0
28;Media;BIODIESEL;3;0,0
28;Media;BUTANO;3;0,0
28;Media;DESCONOCIDO;3;0,0
28;Media;DIESEL;115249;43,26
28;Media;ELECTRICO;6691;2,51
28;Media;ETANOL;1;0,0
28;Media;GASOLINA;135449;50,84
28;Media;GLP;7992;3,0
28;Media;GNC;1013;0,38
28;Media;GNL;2;0,0
28;Media;HIDROGENO;3;0,0
28;Alta;BUTANO;7;0,0
28;Alta;DESCONOCIDO;5;0,0
28;Alta;DIESEL;125434;41,81
28;Alta;ELECTRICO;10135;3,38
28;Alta;GASOLINA;155607;51,86
28;Alta;GLP;7835;2,61
28;Alta;GNC;997;0,33
28;Alta;HIDROGENO;4;0,0
28;Muy alta;BIODIESEL;7;0,0
28;Muy alta;BIOMETANO;1;0,0
28;Muy alta;BUTANO;14;0,0
28;Muy alta;DESCONOCIDO;52;0,0
28;Muy alta;DIESEL;630075;33,7
28;Muy alta;ELECTRICO;77161;4,13
28;Muy alta;ETANOL;15;0,0
28;Muy alta;GASOLINA;1114414;59,6
28;Muy alta;GLP;43060;2,3
28;Muy alta;GNC;4968;0,27
28;Muy alta;GNL;24;0,0
28;Muy alta;HIDROGENO;30;0,0
41;Muy baja;BIOMETANO;1;0,0
41;Muy baja;BUTANO;1;0,0
41;Muy baja;DESCONOCIDO;2;0,0
41;Muy baja;DIESEL;110539;63,83
41;Muy baja;ELECTRICO;1459;0,84
41;Muy baja;GASOLINA;59715;34,48
41;Muy baja;GLP;1399;0,81
41;Muy baja;GNC;70;0,04
41;Baja;BIOMETANO;1;0,0
41;Baja;DIESEL;38234;48,05
41;Baja;ELECTRICO;1179;1,48
41;Baja;ETANOL;1;0,0
41;Baja;GASOLINA;38942;48,94
41;Baja;GLP;1136;1,43
41;Baja;GNC;83;0,1
41;Baja;GNL;2;0,0
41;Media;DESCONOCIDO;1;0,0
41;Media;DIESEL;88525;44,18
41;Media;ELECTRICO;2643;1,32
41;Media;ETANOL;1;0,0
41;Media;GASOLINA;106651;53,22
41;Media;GLP;2438;1,22
41;Media;GNC;118;0,06
41;Media;GNL;2;0,0
41;Alta;BIODIESEL;1;0,0
41;Alta;DIESEL;13444;42,97
41;Alta;ELECTRICO;696;2,22
41;Alta;ETANOL;1;0,0
41;Alta;GASOLINA;16800;53,69
41;Alta;GLP;329;1,05
41;Alta;GNC;16;0,05
41;Alta;HIDROGENO;1;0,0
46;Muy baja;DESCONOCIDO;4;0,01
46;Muy baja;DIESEL;14414;40,52
46;Muy baja;ELECTRICO;676;1,9
46;Muy baja;GASOLINA;19644;55,22
46;Muy baja;GLP;815;2,29
46;Muy baja;GNC;23;0,06
46;Baja;BIODIESEL;2;0,0
46;Baja;BIOMETANO;2;0,0
46;Baja;DESCONOCIDO;4;0,0
46;Baja;DIESEL;74267;38,67
46;Baja;ELECTRICO;4471;2,33
46;Baja;GASOLINA;109704;57,12
46;Baja;GLP;3523;1,83
46;Baja;GNC;99;0,05
46;Baja;GNL;2;0,0
46;Baja;HIDROGENO;1;0,0
46;Media;DESCONOCIDO;1;0,0
46;Media;DIESEL;54795;39,62
46;Media;ELECTRICO;4076;2,95
46;Media;ETANOL;1;0,0
46;Media;GASOLINA;76815;55,54
46;Media;GLP;2522;1,82
46;Media;GNC;103;0,07
46;Media;GNL;1;0,0
46;Media;HIDROGENO;1;0,0
46;Alta;BIODIESEL;1;0,0
46;Alta;BIOMETANO;1;0,0
46;Alta;BUTANO;2;0,0
46;Alta;DESCONOCIDO;7;0,0
46;Alta;DIESEL;83372;36,48
46;Alta;ELECTRICO;5428;2,38
46;Alta;ETANOL;1;0,0
46;Alta;GASOLINA;135595;59,34
46;Alta;GLP;3891;1,7
46;Alta;GNC;206;0,09
46;Alta;GNL;4;0,0
46;Alta;HIDROGENO;5;0,0
46;Muy alta;BIODIESEL;1;0,0
46;Muy alta;DESCONOCIDO;3;0,01
46;Muy alta;DIESEL;12746;38,46
46;Muy alta;ELECTRICO;1645;4,96
46;Muy alta;GASOLINA;18283;55,17
46;Muy alta;GLP;447;1,35
46;Muy alta;GNC;17;0,05
