cod_municipio;provincia;nombre_municipio;segmento_renta;renta_neta_persona;n_vehiculos;potencia_cv_media;antiguedad_media;pct_electrificado;pct_gama_alta;pct_renting;n_electrificados;n_gama_alta;n_renting
03005;03;Albatera;Muy baja;10399,0;3562;123,93;8,69;11,43;16,28;0,0;407;580;0
03009;03;Alcoi/Alcoy;Baja;13256,0;16836;118,72;8,1;12,92;14,93;0,0;2176;2513;0
03011;03;Alfàs del Pi, l';Muy baja;12274,0;7114;127,66;8,35;16,25;17,94;0,0;1156;1276;0
03014;03;Alacant/Alicante;Media;13681,0;98224;122,35;7,81;19,52;16,77;0,17;19173;16469;165
03015;03;Almoradí;Muy baja;10104,0;6149;122,03;8,69;10,31;16,72;0,02;634;1028;1
03018;03;Altea;Baja;12822,0;9044;133,2;8,27;16,23;22,66;0,01;1468;2049;1
03019;03;Aspe;Muy baja;11274,0;6359;121,19;8,21;13,45;14,75;0,0;855;938;0
03031;03;Benidorm;Muy baja;12263,0;19070;125,69;8,16;17,19;17,58;0,02;3279;3353;4
03041;03;Benissa;Baja;12496,0;5686;126,33;8,13;12,28;16,13;0,0;698;917;0
03047;03;Calp;Muy baja;11768,0;8675;128,86;8,32;16,69;18,79;0,0;1448;1630;0
03049;03;Callosa de Segura;Muy baja;10347,0;4804;122,52;8,68;10,68;17,76;0,0;513;853;0
03050;03;Campello, el;Media;14584,0;10297;121,11;7,91;18,1;15,82;0,0;1864;1629;0
03053;03;Castalla;Baja;12747,0;3750;119,6;8,32;13,04;12,32;0,0;489;462;0
03056;03;Cocentaina;Baja;13101,0;3717;123,9;8,01;14,07;19,18;0,0;523;713;0
03059;03;Crevillent;Muy baja;10608,0;8206;120,6;8,57;11,76;14,84;0,02;965;1218;2
03063;03;Dénia;Baja;12954,0;16148;121,5;7,88;15,4;14,87;0,01;2487;2402;1
03065;03;Elx/Elche;Muy baja;11849,0;68594;121,66;8,15;14,87;17,26;0,08;10203;11839;58
03066;03;Elda;Muy baja;11198,0;14020;118,06;8,42;10,95;14,67;0,0;1535;2057;0
03076;03;Guardamar del Segura;Muy baja;12161,0;6910;122,84;8,69;13,53;16,8;0,01;935;1161;1
03079;03;Ibi;Baja;13319,0;7747;122,53;8,46;12,92;16,63;0,0;1001;1288;0
03082;03;Xàbia/Jávea;Baja;12533,0;12178;131,04;7,86;16,94;19,37;0,01;2063;2359;1
03089;03;Monòver/Monóvar;Muy baja;10968,0;3397;118,46;8,52;11,45;14,22;0,0;389;483;0
03090;03;Mutxamel;Media;14135,0;9658;121,36;7,83;18,88;15,49;0,01;1823;1496;1
03093;03;Novelda;Muy baja;12116,0;8062;118,26;8,24;13,88;12,81;0,01;1119;1033;1
03094;03;Nucia, la;Baja;12585,0;6442;124,39;8,17;17,09;15,46;0,06;1101;996;4
03099;03;Orihuela;Muy baja;11512,0;39795;123,81;8,38;15,0;15,44;0,0;5970;6143;1
03102;03;Pego;Baja;12383,0;3882;117,5;8,25;11,93;11,75;0,03;463;456;1
03104;03;Petrer;Muy baja;11815,0;10391;117,62;8,34;11,99;13,31;0,0;1246;1383;0
03113;03;Rojales;Muy baja;10746,0;9115;126,96;8,7;14,56;14,84;0,0;1327;1353;0
03119;03;Sant Joan d'Alacant;Media;14533,0;8985;122,66;7,66;19,7;18,95;0,13;1770;1703;12
03121;03;Santa Pola;Baja;12366,0;11946;118,15;8,3;13,59;15,03;0,0;1623;1796;0
03122;03;Sant Vicent del Raspeig/San Vicente del Raspeig;Baja;13070,0;17954;117,94;8,01;15,24;12,19;0,01;2736;2189;1
03123;03;Sax;Muy baja;11917,0;2701;118,81;8,87;10,22;12,48;0,0;276;337;0
03128;03;Teulada;Muy baja;12083,0;5907;133,88;8,04;15,25;19,64;0,02;901;1160;1
03133;03;Torrevieja;Muy baja;9868,0;31243;122,7;8,93;13,8;15,66;0,0;4310;4892;0
03139;03;Vila Joiosa, la/Villajoyosa;Baja;12658,0;10134;120,62;8,25;15,44;14,01;0,0;1565;1420;0
03140;03;Villena;Muy baja;11956,0;8562;121,28;8,81;12,19;15,42;0,01;1044;1320;1
03902;03;Pilar de la Horadada;Muy baja;11455,0;9340;123,44;8,64;12,19;16,27;0,0;1139;1520;0
08001;08;Abrera;Alta;16682,0;4826;126,42;7,77;17,59;10,55;0,0;849;509;0
08003;08;Alella;Muy alta;25382,0;3705;136,54;7,37;26,61;23,16;0,05;986;858;2
08006;08;Arenys de Mar;Alta;16679,0;4645;119,28;7,86;18,51;13,26;0,0;860;616;0
08009;08;Argentona;Muy alta;18013,0;4458;123,71;7,85;20,08;13,95;0,0;895;622;0
08015;08;Badalona;Media;14618,0;48495;124,18;7,73;19,18;11,83;0,0;9301;5738;2
08019;08;Barcelona;Muy alta;19527,0;303945;130,86;7,57;23,53;18,2;0,12;71526;55309;360
08022;08;Berga;Alta;15449,0;5028;125,5;8,23;14,52;12,89;0,0;730;648;0
08023;08;Bigues i Riells del Fai;Alta;17201,0;3987;126,0;7,76;19,36;13,64;0,0;772;544;0
08033;08;Caldes de Montbui;Alta;17089,0;6600;126,34;7,92;18,32;14,23;0,02;1209;939;1
08035;08;Calella;Media;14031,0;4380;121,04;8,09;16,23;12,05;0,02;711;528;1
08040;08;Canet de Mar;Alta;15714,0;4254;118,25;8,02;17,44;12,46;0,02;742;530;1
08041;08;Canovelles;Baja;12923,0;4519;123,99;8,24;14,58;12,1;0,0;659;547;0
08046;08;Cardedeu;Muy alta;17792,0;6264;123,67;7,82;18,34;11,29;0,0;1149;707;0
08051;08;Castellar del Vallès;Muy alta;17260,0;8728;125,32;7,86;19,17;13,71;0,02;1673;1197;2
08054;08;Castellbisbal;Alta;16867,0;5034;124,06;7,71;20,88;11,01;0,66;1051;554;33
08056;08;Castelldefels;Muy alta;18693,0;20094;127,84;7,63;20,95;18,01;0,01;4210;3619;3
08072;08;Corbera de Llobregat;Muy alta;18030,0;5474;125,49;7,4;22,4;12,48;0,0;1226;683;0
08073;08;Cornellà de Llobregat;Media;14920,0;19621;124,05;7,78;17,97;10,61;0,01;3526;2082;1
08074;08;Cubelles;Alta;16276,0;5531;120,55;7,73;20,23;10,69;0,0;1119;591;0
08076;08;Esparreguera;Alta;16203,0;7524;122,5;7,76;15,92;9,84;0,01;1198;740;1
08077;08;Esplugues de Llobregat;Muy alta;17633,0;11085;127,91;7,74;19,99;14,92;0,0;2216;1654;0
08086;08;Franqueses del Vallès, Les;Alta;15350,0;7277;125,74;7,85;17,53;12,53;0,0;1276;912;0
08088;08;Garriga, La;Muy alta;18467,0;5953;123,2;7,73;17,42;13,46;0,0;1037;801;0
08089;08;Gavà;Alta;17120,0;14061;126,84;7,6;20,38;14,5;0,01;2865;2039;2
08096;08;Granollers;Alta;16199,0;19136;124,51;7,69;19,36;14,67;0,02;3704;2807;4
08101;08;Hospitalet de Llobregat, L';Baja;13302,0;48691;124,54;7,5;21,6;9,3;0,01;10517;4526;3
08102;08;Igualada;Alta;15698,0;12155;124,36;8,08;17,73;13,13;0,01;2155;1596;1
08105;08;Llagosta, La;Media;13766,0;3613;121,53;8,11;13,89;9,58;0,0;502;346;0
08106;08;Llinars del Vallès;Alta;17101,0;3832;124,86;7,45;18,32;14,01;0,99;702;537;38
08107;08;Lliçà d'Amunt;Alta;16930,0;6712;124,57;7,87;19,85;12,32;0,0;1332;827;0
08110;08;Malgrat de Mar;Media;14651,0;5243;117,39;8,09;14,25;9,56;0,0;747;501;0
08112;08;Manlleu;Media;13699,0;5950;124,67;8,37;14,69;14,54;0,0;874;865;0
08113;08;Manresa;Media;15099,0;21727;123,78;7,99;18,79;13,84;0,01;4083;3006;3
08114;08;Martorell;Media;14833,0;15682;143,33;4,55;30,0;5,5;0,0;4705;863;0
08118;08;Masnou, El;Muy alta;19295,0;7766;122,28;7,59;21,63;14,87;0,0;1680;1155;0
08119;08;Masquefa;Alta;15641,0;3201;123,79;7,98;16,03;9,4;0,0;513;301;0
08121;08;Mataró;Media;14433,0;32986;120,3;7,91;18,54;12,32;0,0;6114;4064;0
08123;08;Molins de Rei;Muy alta;18316,0;8477;124,94;7,41;21,36;12,98;0,0;1811;1100;0
08124;08;Mollet del Vallès;Media;15241,0;15482;121,85;7,86;16,87;9,82;0,0;2612;1520;0
08125;08;Montcada i Reixac;Media;14700,0;12297;129,07;7,02;21,43;21,82;0,0;2635;2683;0
08126;08;Montgat;Muy alta;18237,0;4380;122,34;7,85;20,34;13,63;0,0;891;597;0
08136;08;Montornès del Vallès;Media;14991,0;5609;121,25;7,95;16,46;10,98;0,02;923;616;1
08147;08;Olesa de Montserrat;Alta;15654,0;7253;121,12;7,95;15,58;9,17;0,0;1130;665;0
08155;08;Palafolls;Media;14526,0;3472;117,39;8,02;14,57;9,3;0,0;506;323;0
08156;08;Palau-solità i Plegamans;Muy alta;17507,0;5842;125,83;7,83;19,17;13,83;0,0;1120;808;0
08157;08;Pallejà;Muy alta;18231,0;4048;129,37;7,74;20,85;14,08;0,05;844;570;2
08159;08;Parets del Vallès;Alta;16889,0;7157;123,64;7,91;17,13;11,85;0,01;1226;848;1
08161;08;Piera;Media;14479,0;5497;121,88;8,34;13,83;9,51;0,0;760;523;0
08163;08;Pineda de Mar;Media;13951,0;8491;118,19;8,18;14,85;11,02;0,0;1261;936;0
08169;08;Prat de Llobregat, El;Alta;15714,0;17505;127,48;7,41;24,27;10,57;2,4;4248;1850;420
08172;08;Premià de Mar;Alta;16592,0;7750;119,71;7,88;19,21;10,85;0,06;1489;841;5
08180;08;Ripollet;Media;14420,0;11199;121,92;7,91;16,19;10,14;0,01;1813;1136;1
08181;08;Roca del Vallès, La;Muy alta;18856,0;4320;125,37;7,68;19,24;14,51;0,0;831;627;0
08184;08;Rubí;Media;14794,0;23414;121,51;7,79;17,6;10,4;0,01;4122;2434;2
08187;08;Sabadell;Alta;15637,0;61073;122,33;7,8;18,06;12,7;0,03;11030;7759;16
08194;08;Sant Adrià de Besòs;Baja;13268,0;7608;126,55;7,83;18,68;12,67;0,03;1421;964;2
08196;08;Sant Andreu de la Barca;Alta;15639,0;8267;124,25;7,88;16,51;9,89;0,02;1365;818;2
08197;08;Sant Andreu de Llavaneres;Muy alta;20181,0;4377;131,1;7,47;24,13;21,77;0,0;1056;953;0
08200;08;Sant Boi de Llobregat;Alta;15331,0;22734;122,25;7,64;17,54;9,79;0,0;3987;2226;0
08202;08;Sant Celoni;Alta;15734,0;5555;122,68;8,07;14,2;12,64;0,0;789;702;0
08205;08;Sant Cugat del Vallès;Muy alta;24748,0;30246;133,1;7,18;26,67;21,65;0,01;8068;6549;4
08211;08;Sant Feliu de Llobregat;Muy alta;17607,0;12167;125,48;7,64;19,97;13,47;0,03;2430;1639;4
08217;08;Sant Joan Despí;Muy alta;18262,0;9659;125,7;7,57;21,1;13,57;0,01;2038;1311;1
08218;08;Sant Joan de Vilatorrada;Alta;15573,0;3665;123,25;8,27;14,62;12,17;0,0;536;446;0
08219;08;Vilassar de Mar;Muy alta;19753,0;6864;122,27;7,57;22,45;15,21;0,03;1541;1044;2
08221;08;Sant Just Desvern;Muy alta;25286,0;5909;136,46;7,14;28,85;22,71;0,02;1705;1342;1
08230;08;Premià de Dalt;Muy alta;20304,0;3688;127,42;7,43;24,11;17,84;0,03;889;658;1
08231;08;Sant Pere de Ribes;Alta;15889,0;8806;121,23;7,84;18,17;12,06;0,02;1600;1062;2
08238;08;Sant Quirze del Vallès;Muy alta;22038,0;7892;131,18;7,38;25,47;19,44;0,0;2010;1534;0
08240;08;Sant Sadurní d'Anoia;Muy alta;17614,0;4274;124,46;7,98;14,88;12,47;0,0;636;533;0
08245;08;Santa Coloma de Gramenet;Baja;12584,0;20860;122,33;8,01;16,39;8,74;0,02;3418;1824;4
08250;08;Santa Margarida de Montbui;Baja;12594,0;2820;120,84;8,74;11,21;8,97;0,0;316;253;0
08252;08;Barberà del Vallès;Alta;15932,0;10964;124,48;7,75;18,29;11,58;0,0;2005;1270;0
08259;08;Santa Maria de Palautordera;Alta;16680,0;3488;122,95;8,16;16,6;12,21;0,0;579;426;0
08260;08;Santa Perpètua de Mogoda;Alta;15657,0;8956;124,72;7,68;20,58;11,57;0,01;1843;1036;1
08262;08;Sant Vicenç de Castellet;Media;14060,0;2893;119,68;8,09;14,34;9,37;0,0;415;271;0
08263;08;Sant Vicenç dels Horts;Media;15183,0;8556;122,22;7,85;15,97;10,05;0,01;1366;860;1
08266;08;Cerdanyola del Vallès;Muy alta;17925,0;17759;123,47;7,72;19,67;12,37;0,01;3494;2196;1
08270;08;Sitges;Muy alta;21387,0;8222;134,84;7,37;25,23;23,57;0,0;2074;1938;0
08279;08;Terrassa;Alta;15337,0;65107;121,05;7,8;18,21;11,62;0,0;11858;7568;3
08284;08;Tordera;Media;13712,0;5665;119,51;8,12;15,16;10,36;0,0;859;587;0
08285;08;Torelló;Alta;16035,0;4921;122,63;8,15;15,48;12,31;0,0;762;606;0
08295;08;Vallirana;Alta;16623,0;5721;122,37;7,63;20,63;11,1;0,0;1180;635;0
08298;08;Vic;Media;15156,0;13666;126,36;7,95;17,86;15,26;0,0;2441;2086;0
08301;08;Viladecans;Alta;15794,0;19835;123,47;7,64;18,23;10,8;0,02;3615;2143;3
08302;08;Vilanova del Camí;Media;13529,0;3740;121,41;8,47;12,25;11,12;0,03;458;416;1
08305;08;Vilafranca del Penedès;Alta;15441,0;11752;121,54;7,88;16,98;10,81;0,01;1996;1270;1
08307;08;Vilanova i la Geltrú;Alta;16690,0;18683;120,15;7,83;19,32;11,25;0,01;3609;2101;1
08904;08;Badia del Vallès;Baja;12664,0;3452;117,24;8,28;11,67;4,9;0,0;403;169;0
28004;28;Álamo, El;Baja;12605,0;2933;127,17;8,27;18,65;15,85;0,0;547;465;0
28005;28;Alcalá de Henares;Alta;15598,0;59522;124,92;8,2;20,17;15,79;0,01;12003;9401;4
28006;28;Alcobendas;Muy alta;21644,0;334281;134,9;2,25;44,62;20,78;85,06;149169;69447;284352
28007;28;Alcorcón;Alta;15667,0;48138;125,25;8,12;21,88;14,25;0,01;10534;6860;5
28009;28;Algete;Muy alta;18232,0;8146;129,95;7,83;24,82;18,4;0,01;2022;1499;1
28010;28;Alpedrete;Muy alta;17829,0;5271;125,73;8,15;23,18;15,75;0,02;1222;830;1
28013;28;Aranjuez;Media;14173,0;17295;124,41;8,19;17,85;15,22;0,01;3088;2632;1
28014;28;Arganda del Rey;Media;13968,0;19659;128,37;8,05;21,43;17,66;0,01;4213;3471;1
28015;28;Arroyomolinos;Muy alta;17420,0;14622;135,71;7,68;28,4;22,39;0,0;4152;3274;0
28022;28;Boadilla del Monte;Muy alta;26668,0;77856;134,48;3,67;39,7;23,89;64,08;30910;18599;49894
28026;28;Brunete;Alta;15529,0;51391;145,23;2,31;51,42;46,63;91,08;26427;23962;46809
28040;28;Ciempozuelos;Baja;12927,0;6963;124,95;8,32;17,62;15,18;0,0;1227;1057;0
28045;28;Colmenar Viejo;Muy alta;17736,0;18825;128,02;7,7;26,09;15,59;0,02;4911;2935;3
28047;28;Collado Villalba;Media;14647,0;20074;121,33;8,22;19,89;13,3;0,01;3992;2669;3
28049;28;Coslada;Alta;15265,0;26099;126,51;8,19;21,27;14,14;0,02;5550;3690;4
28053;28;Daganzo de Arriba;Muy alta;17623,0;4630;127,77;7,88;23,07;15,85;0,02;1068;734;1
28054;28;Escorial, El;Muy alta;17477,0;5632;124,56;8,05;22,46;16,35;0,04;1265;921;2
28058;28;Fuenlabrada;Baja;13454,0;58967;123,68;8,18;18,82;12,29;0,01;11095;7245;4
28061;28;Galapagar;Alta;17032,0;12055;126,29;8,16;23,84;15,99;0,01;2874;1927;1
28065;28;Getafe;Alta;15867,0;57793;126,61;7,99;23,78;15,97;0,02;13742;9231;10
28066;28;Griñón;Alta;16818,0;4128;138,0;7,94;23,4;25,8;0,0;966;1065;0
28068;28;Guadarrama;Alta;16602,0;5529;124,48;8,21;21,12;15,66;0,02;1168;866;1
28073;28;Humanes de Madrid;Baja;12552,0;7335;127,84;8,32;18,51;16,24;0,0;1358;1191;0
28074;28;Leganés;Media;14531,0;54367;123,82;8,09;21,99;13,65;0,01;11956;7422;8
28079;28;Madrid;Muy alta;19632,0;916715;129,1;7,7;27,84;19,8;2,07;255204;181507;19019
28080;28;Majadahonda;Muy alta;24019,0;180793;136,48;3,33;44,16;22,59;84,24;79842;40834;152304
28083;28;Meco;Alta;16076,0;6205;128,69;8,08;20,06;16,84;0,0;1245;1045;0
28084;28;Mejorada del Campo;Baja;13212,0;8316;125,18;8,45;17,5;14,84;0,0;1455;1234;0
28090;28;Moralzarzal;Muy alta;18091,0;75735;119,36;1,91;49,01;6,21;71,82;37118;4705;54390
28092;28;Móstoles;Media;14045,0;59011;123,18;8,26;19,27;12,33;0,01;11370;7278;4
28096;28;Navalcarnero;Media;14381,0;10070;126,04;8,02;21,05;16,99;0,02;2120;1711;2
28104;28;Paracuellos de Jarama;Muy alta;20187,0;9919;134,11;7,71;30,08;22,15;0,01;2984;2197;1
28106;28;Parla;Muy baja;11522,0;34270;123,35;8,33;16,86;12,95;0,0;5778;4439;0
28113;28;Pinto;Alta;15301,0;18183;127,32;8,05;21,69;16,37;0,01;3943;2976;1
28115;28;Pozuelo de Alarcón;Muy alta;30524,0;35246;140,97;7,34;34,51;30,05;0,02;12162;10593;8
28123;28;Rivas-Vaciamadrid;Muy alta;18478,0;38749;128,1;7,56;30,16;16,08;0,02;11685;6232;7
28127;28;Rozas de Madrid, Las;Muy alta;24183,0;37963;135,74;7,48;32,63;25,74;0,01;12387;9773;5
28129;28;San Agustín del Guadalix;Muy alta;19468,0;5103;129,7;7,72;26,22;19,75;0,0;1338;1008;0
28130;28;San Fernando de Henares;Media;14948,0;13570;125,95;8,0;21,52;13,43;0,01;2920;1822;1
28131;28;San Lorenzo de El Escorial;Alta;17163,0;5360;123,51;8,11;21,66;16,31;0,02;1161;874;1
28132;28;San Martín de la Vega;Baja;12720,0;6919;127,51;8,32;18,79;15,18;0,0;1300;1050;0
28134;28;San Sebastián de los Reyes;Muy alta;18761,0;31539;129,29;7,74;25,93;18,46;0,03;8178;5821;8
28148;28;Torrejón de Ardoz;Media;14463,0;41251;124,82;8,14;20,99;13,74;0,0;8658;5666;2
28149;28;Torrejón de la Calzada;Media;15061,0;3898;135,73;7,77;22,96;23,73;0,0;895;925;0
28152;28;Torrelodones;Muy alta;25127,0;9601;135,94;7,7;30,88;26,21;0,03;2965;2516;3
28160;28;Valdemorillo;Muy alta;17550,0;5188;128,97;8,13;24,67;18,2;0,02;1280;944;1
28161;28;Valdemoro;Media;15196,0;27214;127,04;7,92;22,85;16,33;0,01;6218;4444;2
28167;28;Velilla de San Antonio;Alta;15398,0;5621;126,39;8,12;22,13;14,73;0,02;1244;828;1
28172;28;Villalbilla;Muy alta;18420,0;7619;132,66;7,7;26,41;19,83;0,0;2012;1511;0
28176;28;Villanueva de la Cañada;Muy alta;20858,0;8442;137,24;7,5;30,69;25,04;0,01;2591;2114;1
28177;28;Villanueva del Pardillo;Muy alta;18671,0;6486;129,01;7,61;28,48;18,96;0,03;1847;1230;2
28181;28;Villaviciosa de Odón;Muy alta;22250,0;11143;138,22;7,65;30,16;27,18;0,02;3361;3029;2
28903;28;Tres Cantos;Muy alta;23133,0;20317;128,88;7,7;28,98;17,43;0,01;5888;3541;3
41004;41;Alcalá de Guadaíra;Baja;12375,0;23932;116,77;8,25;11,81;13,11;0,01;2826;3137;3
41005;41;Alcalá del Río;Muy baja;11150,0;3618;115,54;8,19;11,5;11,72;0,0;416;424;0
41007;41;Algaba, La;Muy baja;11043,0;4326;114,81;8,38;8,97;10,29;0,0;388;445;0
41011;41;Arahal;Muy baja;11049,0;5674;122,31;9,39;6,01;17,68;0,0;341;1003;0
41016;41;Bollullos de la Mitación;Baja;12800,0;3623;121,9;8,16;14,85;14,52;0,0;538;526;0
41017;41;Bormujos;Media;14536,0;7747;120,18;8,17;14,74;14,96;0,03;1142;1159;2
41018;41;Brenes;Muy baja;10507,0;3571;118,93;8,61;9,52;12,83;0,0;340;458;0
41020;41;Cabezas de San Juan, Las;Muy baja;9825,0;3979;120,1;9,23;6,38;14,68;0,0;254;584;0
41021;41;Camas;Muy baja;11939,0;7723;115,79;8,36;12,94;11,12;0,0;999;859;0
41023;41;Cantillana;Muy baja;10270,0;3135;117,18;7,97;13,81;10,43;0,0;433;327;0
41024;41;Carmona;Muy baja;11742,0;8826;118,85;8,78;8,76;15,05;0,0;773;1328;0
41029;41;Castilleja de la Cuesta;Baja;12561,0;5474;113,19;8,35;12,04;10,08;0,0;659;552;0
41034;41;Coria del Río;Muy baja;10617,0;8653;116,89;9,02;9,6;13,15;0,0;831;1138;0
41038;41;Dos Hermanas;Baja;13362,0;46549;118,4;8,23;13,25;14,38;0,0;6170;6692;2
41039;41;Écija;Muy baja;11267,0;11622;120,84;9,0;8,6;18,04;0,0;999;2097;0
41040;41;Espartinas;Alta;15835,0;5994;123,11;7,92;18,3;17,2;0,0;1097;1031;0
41041;41;Estepa;Muy baja;11276,0;3923;118,21;9,27;5,96;16,95;0,0;234;665;0
41044;41;Gelves;Media;14260,0;3601;118,17;8,18;13,77;13,77;0,03;496;496;1
41047;41;Gines;Media;14996,0;4857;117,28;8,19;16,18;13,57;0,0;786;659;0
41049;41;Guillena;Muy baja;11487,0;4095;117,97;8,28;12,5;14,51;0,0;512;594;0
41053;41;Lebrija;Muy baja;10743,0;7999;122,13;8,79;7,36;13,69;0,0;589;1095;0
41055;41;Lora del Río;Muy baja;10713,0;5332;118,47;9,1;6,32;15,89;0,0;337;847;0
41058;41;Mairena del Alcor;Muy baja;11939,0;7719;120,47;8,85;9,55;16,45;0,0;737;1270;0
41059;41;Mairena del Aljarafe;Alta;15368,0;16336;119,66;8,05;16,19;15,73;0,01;2644;2569;1
41060;41;Marchena;Muy baja;11248,0;5645;121,24;9,36;6,55;17,31;0,0;370;977;0
41065;41;Morón de la Frontera;Muy baja;11332,0;7566;118,58;9,26;6,82;15,61;0,01;516;1181;1
41068;41;Osuna;Muy baja;11165,0;4889;119,22;9,38;5,97;16,02;0,0;292;783;0
41069;41;Palacios y Villafranca, Los;Muy baja;9986,0;10399;116,74;8,99;6,26;13,91;0,02;651;1446;2
41075;41;Pilas;Muy baja;10181,0;4002;120,16;9,04;7,77;15,39;0,0;311;616;0
41077;41;Puebla de Cazalla, La;Muy baja;10463,0;3132;118,73;9,71;3,7;16,73;0,0;116;524;0
41079;41;Puebla del Río, La;Muy baja;10485,0;3445;117,66;9,12;9,11;12,22;0,0;314;421;0
41081;41;Rinconada, La;Muy baja;11764,0;12541;117,6;8,06;12,96;12,01;0,0;1625;1506;0
41086;41;San Juan de Aznalfarache;Muy baja;11199,0;5369;114,79;8,43;11,72;10,45;0,0;629;561;0
41087;41;Sanlúcar la Mayor;Muy baja;11481,0;4347;116,14;8,56;10,4;12,95;0,0;452;563;0
41091;41;Sevilla;Media;14979,0;184174;119,3;8,17;15,24;15,34;0,07;28071;28258;123
41093;41;Tomares;Alta;17130,0;8958;120,49;8,08;17,26;17,3;0,0;1546;1550;0
41095;41;Utrera;Muy baja;11396,0;15398;120,68;8,65;9,05;15,18;0,01;1393;2337;2
41102;41;Viso del Alcor, El;Muy baja;11034,0;6258;120,87;8,93;7,51;17,74;0,02;470;1110;1
46005;46;Alaquàs;Baja;12930,0;8916;119,44;7,56;15,59;13,01;0,0;1390;1160;0
46007;46;Albal;Baja;13249,0;6010;122,58;6,64;21,96;13,89;0,02;1320;835;1
46011;46;Alberic;Muy baja;12070,0;3410;123,76;8,22;12,14;14,78;0,0;414;504;0
46013;46;Alboraia/Alboraya;Muy alta;17240,0;7454;125,18;7,94;19,2;17,44;0,01;1431;1300;1
46015;46;Alcàsser;Media;13616,0;3660;122,19;7,96;15,63;13,44;0,03;572;492;1
46017;46;Alzira;Baja;13445,0;14659;121,36;8,09;15,29;15,39;0,02;2242;2256;3
46019;46;Alcúdia, l';Media;13681,0;4418;124,47;7,05;18,27;13,42;0,0;807;593;0
46021;46;Aldaia;Baja;12813,0;11108;122,27;6,24;22,08;12,64;0,02;2453;1404;2
46022;46;Alfafar;Muy baja;11842,0;6656;122,69;5,53;26,8;10,73;0,0;1784;714;0
46029;46;Algemesí;Baja;13257,0;9664;124,06;5,5;27,68;13,31;0,01;2675;1286;1
46031;46;Alginet;Baja;13188,0;4862;123,68;7,99;14,75;14,11;0,02;717;686;1
46051;46;Benaguasil;Baja;12636,0;3948;120,29;8,0;16,16;13,53;2,89;638;534;114
46054;46;Benetússer;Baja;12553,0;4986;122,41;5,1;30,41;10,67;0,0;1516;532;0
46060;46;Benifaió;Media;14465,0;4209;122,13;7,96;15,68;14,45;0,02;660;608;1
46070;46;Bétera;Muy alta;17430,0;9658;130,87;7,65;19,9;22,3;0,01;1922;2154;1
46078;46;Burjassot;Muy baja;12111,0;10329;117,18;8,04;14,57;10,01;0,0;1505;1034;0
46081;46;Canals;Muy baja;11984,0;3905;120,36;8,56;11,57;13,75;0,0;452;537;0
46083;46;Carcaixent;Baja;12600,0;6483;118,07;7,93;14,79;10,89;0,0;959;706;0
46085;46;Carlet;Baja;12565,0;5089;123,51;8,19;10,89;17,53;0,0;554;892;0
46094;46;Catarroja;Baja;13260,0;10391;124,54;5,17;31,42;13,62;0,0;3265;1415;0
46102;46;Quart de Poblet;Baja;13132,0;8220;123,43;7,69;16,05;15,85;0,02;1319;1303;2
46105;46;Cullera;Baja;12929,0;6224;119,1;8,12;13,45;14,94;0,0;837;930;0
46110;46;Xirivella;Muy baja;11830,0;8311;119,53;7,83;15,79;11,25;0,0;1312;935;0
46111;46;Chiva;Alta;15381,0;5974;127,76;7,72;18,41;18,08;0,03;1100;1080;2
46116;46;Eliana, l';Muy alta;18983,0;7316;128,33;7,75;21,21;20,15;0,0;1552;1474;0
46131;46;Gandia;Baja;12511,0;21182;121,28;7,65;15,97;16,0;0,0;3382;3389;1
46135;46;Godella;Muy alta;19567,0;4473;125,05;7,83;20,41;20,88;0,18;913;934;8
46145;46;Xàtiva;Media;13976,0;9065;122,43;8,05;13,94;16,62;0,01;1264;1507;1
46147;46;Llíria;Baja;13245,0;7449;119,55;8,33;13,79;13,63;0,0;1027;1015;0
46159;46;Manises;Baja;12640,0;9253;120,94;8,15;13,56;14,35;0,0;1255;1328;0
46164;46;Massamagrell;Baja;13161,0;5140;118,06;7,95;12,92;11,71;0,02;664;602;1
46165;46;Massanassa;Media;13889,0;3949;126,6;5,02;33,3;15,83;0,0;1315;625;0
46166;46;Meliana;Media;14462,0;3343;120,3;8,02;15,97;12,29;0,0;534;411;0
46169;46;Mislata;Media;13573,0;11319;120,78;8,04;16,82;11,62;0,02;1904;1315;2
46171;46;Montcada/Moncada;Media;13836,0;6792;119,4;7,98;14,65;13,56;0,0;995;921;0
46172;46;Montserrat;Baja;13153,0;3306;125,71;7,69;18,39;13,97;0,0;608;462;0
46181;46;Oliva;Baja;12866,0;8786;119,03;8,05;12,75;14,75;0,44;1120;1296;39
46184;46;Ontinyent;Baja;13307,0;11772;122,99;8,23;14,13;17,58;0,0;1663;2069;0
46186;46;Paiporta;Media;13675,0;9594;124,08;4,74;32,3;11,8;0,0;3099;1132;0
46190;46;Paterna;Media;14451,0;24319;124,41;7,76;19,63;16,23;0,08;4773;3948;20
46193;46;Picanya;Alta;15623,0;4452;127,03;4,96;33,72;14,38;0,02;1501;640;1
46194;46;Picassent;Media;13620,0;7467;121,63;7,87;16,53;13,35;0,0;1234;997;0
46202;46;Pobla de Vallbona, la;Media;15061,0;9913;124,24;7,92;18,57;17,35;0,05;1841;1720;5
46205;46;Puçol;Alta;15632,0;7335;124,87;7,93;16,96;17,08;0,01;1244;1253;1
46213;46;Requena;Baja;12868,0;5767;124,44;8,61;10,11;14,48;0,03;583;835;2
46214;46;Riba-roja de Túria;Media;15000,0;9636;127,36;7,37;20,96;17,24;0,02;2020;1661;2
46220;46;Sagunt/Sagunto;Media;13986,0;21362;120,12;8,27;13,76;13,69;0,01;2939;2924;2
46223;46;Sedaví;Baja;13431,0;3904;124,37;4,48;32,84;12,53;0,0;1282;489;0
46230;46;Silla;Baja;13143,0;6371;122,15;7,88;15,84;13,14;0,03;1009;837;2
46235;46;Sueca;Media;13771,0;9269;119,16;7,93;14,37;15,14;0,01;1332;1403;1
46238;46;Tavernes de la Valldigna;Baja;13324,0;5187;118,68;8,01;13,63;13,84;0,0;707;718;0
46249;46;Utiel;Muy baja;12313,0;2965;124,67;8,63;10,42;16,49;0,0;309;489;0
46250;46;València;Alta;16121,0;210752;123,84;7,79;18,95;17,4;0,05;39939;36676;100
46256;46;Vilamarxant;Baja;12846,0;3398;119,76;8,26;12,68;12,68;0,0;431;431;0
46903;46;San Antonio de Benagéber;Muy alta;18273,0;4241;132,88;7,38;24,81;22,66;0,0;1052;961;0
